row_id,Y
0,2419.922151293753
1,1100.3686630625057
2,3462.132687345636
3,2929.57921645699
4,1810.7193886332796
5,3649.9438972866574
6,5094.40684516223
7,2096.89211992131
8,1230.3564582698905
9,709.5141939296718
10,1713.5233710166035
11,3128.7107202655916
12,1484.64737452709
13,5518.961214308413
14,241.88566815796798
15,4815.847474732333
16,6702.712850178646
17,558.9257735506378
18,2301.765839878613
19,4549.122361380187
20,3679.3877208720255
21,1107.365048428488
22,1106.3909524263888
23,5438.6719508357055
24,355.36271903801276
25,153.26567435043285
26,1812.589821361656
27,4218.342872879113
28,2528.027435829189
29,726.6318787701787
30,4144.971921250454
31,3776.471024117791
32,3867.655902546282
33,1769.4232454273965
34,2525.5516481701566
35,5755.935376432817
36,1884.3924937780678
37,1297.0073720291934
38,617.4179148834046
39,446.7415105108714
40,2872.124119852976
41,358.74202204735957
42,2467.64683639748
43,2429.1589976276023
44,774.0538898262052
45,1604.286895309408
46,2782.8812877397904
47,4578.137864395195
48,3448.6881037654093
49,2814.2450600338607
50,1837.763618538674
51,1572.4297326688948
52,551.9822036687433
53,2201.2866984815482
54,2971.324473273419
55,816.1176188393408
56,3908.1670568024774
57,3310.946950178657
58,1240.9529405980838
59,3593.4661645852702
60,1305.0830308057436
61,689.8604337998306
62,3492.2006295925166
63,258.20203003574966
64,1499.4940606220823
65,1276.5600339080902
66,3128.8361414239316
67,1895.4200137475602
68,2849.379698320803
69,1441.5553157767308
70,271.81871272885473
71,2281.316237005126
72,2926.1787094637893
73,3695.806217564338
74,3093.2930462441327
75,5428.030971190812
76,2870.9651427760755
77,2189.1428430457763
78,1286.3118164254674
79,5431.570713770539
80,916.378656781259
81,1425.7469188151035
82,2600.5198910888566
83,2903.895817940054
84,1972.473117315322
85,2891.7958038924708
86,1567.2812604945761
87,953.4949303419864
88,1783.231516251135
89,4493.344742198108
90,3401.257317587067
91,3077.853092595662
92,3058.14592532141
93,4067.241883374596
94,735.5784529370728
95,849.2035730937544
96,1445.334828696759
97,2751.746479273573
98,3633.163712235264
99,659.9499332737123
100,253.4998538767161
101,4339.317923393571
102,1291.0164418812224
103,1611.8377543452004
104,2552.7060506912776
105,1934.1431569296612
106,-62.60785445985903
107,2406.1767189023103
108,1349.7944216953963
109,1842.856875965142
110,3188.0657145068726
111,3134.906195661427
112,767.7026412261787
113,306.0144109180867
114,3297.9962921003576
115,2701.1906635182977
116,675.613895800072
117,2389.2746566897645
118,1358.025533786719
119,3019.2090300741747
120,4721.272641065145
121,1445.9577644041565
122,1629.1386258173943
123,2403.236069308452
124,1929.3698557689297
125,521.77866878991
126,1233.7235629203087
127,2297.911144423369
128,3787.8215512883326
129,2304.7154779767247
130,2694.8328548930394
131,751.2129844446376
132,515.4682413451501
133,1489.114693058729
134,1830.7053839863147
135,1519.6417975840966
136,1558.1530227963217
137,2827.706111785078
138,593.8245394503153
139,3638.446986248937
140,1720.0309432659278
141,783.3623893002689
142,1707.8369182747315
143,484.60612325128
144,1886.5895810208392
145,3876.3313600923366
146,1790.657378775642
147,1180.5957476059139
148,2552.335803349798
149,1297.9010138846052
150,357.0167695925045
151,3606.4731884373587
152,3424.9402988287698
153,1220.049068837145
154,2548.1983830532126
155,1921.9686219128857
156,4263.613932366894
157,1855.4530723034045
158,1607.6594309796678
159,3825.4269102740045
160,3718.1455800127064
161,1714.2351768132603
162,3275.018430141652
163,2583.151126850372
164,3114.271233617291
165,1871.1147421864332
166,239.24820089472428
167,729.6529795003053
168,2685.122326300505
169,1458.9372470921794
170,4539.934724427469
171,5415.893750898268
172,3284.9338998616554
173,123.90790763596988
174,-138.39745312480682
175,1497.8258900940464
176,1850.8057267438053
177,1401.7809115696205
178,2566.928040888523
179,1715.141896461534
180,1468.3958921891372
181,1626.3236909644515
182,1455.180674790266
183,152.59031107211763
184,409.009045722966
185,653.1530605281068
186,1667.1463733509395
187,2982.840618100495
188,594.9380055221798
189,1821.8691740837266
190,40.43358222435563
191,1222.3707412552362
192,2275.0153590029704
193,2735.170738819442
194,3484.464603348307
195,338.615574264074
196,1219.2700021400956
197,1697.076291071917
198,810.4032746929468
199,498.9844327497369
200,438.63967591894016
201,159.98914707752942
202,1257.7028823121118
203,110.98452697040875
204,2754.998562929637
205,1043.0602142116718
206,2869.8884601195796
207,4173.3197606331505
208,320.51846566582503
209,493.4207315242704
210,1887.6376769737067
211,3898.9669355276333
212,2184.9440629882033
213,3160.873769533135
214,2316.785712662175
215,801.2652453245466
216,1603.537485971112
217,2883.2409933590393
218,818.7888325028862
219,2035.6269630692366
220,3812.231663582813
221,2335.1004039825175
222,1874.9906984382621
223,1528.1675226724649
224,1195.3158134831292
225,1984.138221766296
226,748.6512762442549
227,344.8554256687253
228,59.01672992142312
229,504.4573021970116
230,2314.8259670796906
231,1725.4965240939985
232,4946.4748941727485
233,2628.8098235765424
234,1337.7942696623186
235,5153.521638160291
236,1129.930729742922
237,1847.5120091671715
238,43.253996674386144
239,1569.0350543448658
240,67.16504363500553
241,146.59734372615617
242,2263.5006611708372
243,2146.957524813676
244,766.1604344556617
245,218.78593640710437
246,1919.472246075994
247,1588.5119014161737
248,2379.725429822122
249,886.9208207682302
250,1256.5057337165454
251,3791.3619776725054
252,2192.0952862923327
253,1207.5357545610536
254,2148.3204055241285
255,1508.9105059824228
256,3288.768904272058
257,2738.7966821338982
258,32.633383282614886
259,3703.4460168458036
260,2048.110628243675
261,230.6580041077318
262,2489.048484551162
263,3185.913830928104
264,4854.054251441976
265,824.4323024876974
266,1464.8008068781517
267,2601.659746844425
268,2879.6016245123847
269,6442.14419522077
270,-10.583496419920266
271,5263.66300424441
272,426.04052976495836
273,855.6033004860669
274,1614.9793478620436
275,647.0962040599004
276,2831.3863481146086
277,684.3592170574286
278,4778.350724323182
279,4682.318622422638
280,351.7110663654646
281,438.75226099078145
282,3157.237569229032
283,719.6884571800249
284,2095.2739131521375
285,1655.2996647903592
286,3738.729614519838
287,2306.011468978067
288,2854.844493851154
289,1838.399138247185
290,1288.4234923674244
291,5390.768957967917
292,2553.166853453825
293,587.5297051243051
294,2881.0838299801917
295,1797.7061564052096
296,646.442235401382
297,731.0768634087126
298,3068.7629588732734
299,3547.3610919028974
300,4946.116784429758
301,1184.6152710756853
302,2249.0834760607913
303,685.3709600788334
304,687.4849481321146
305,5981.523492790634
306,3215.1884621693716
307,5689.3889551456405
308,546.1238326830901
309,1622.8667826220221
310,3194.981207095672
311,2717.670814736616
312,1967.172321477325
313,1849.8140273143056
314,2229.0774144576785
315,564.8878031533134
316,1173.9030541995944
317,2219.282813319654
318,292.1728176783972
319,1144.3038177284632
320,494.8451817766379
321,24.222459424887802
322,3471.4510102945424
323,1091.5035541246282
324,2920.226251367252
325,2623.378699247199
326,405.78870031858514
327,1191.0513527676417
328,2343.323496558456
329,393.87383941166354
330,2918.3676300535617
331,1205.8123224713272
332,2216.9153019403952
333,4004.3933215385123
334,2879.618460887207
335,3190.4999841061126
336,847.9930484635117
337,588.47048725134
338,1601.2760848101293
339,1923.7877029972778
340,1857.9365944505107
341,727.5972747811334
342,318.4334176000714
343,2939.966332416246
344,4475.747196866887
345,3289.3921988350953
346,2286.1888543290975
347,868.6354478543124
348,2136.7632219686543
349,1201.42862162571
350,3621.9148464117575
351,5905.72779884398
352,1756.8559180214897
353,3490.4661576338913
354,2677.746513999338
355,2863.3785793343586
356,2170.8062996864915
357,152.13151746830863
358,742.6586180758554
359,369.4134323993858
360,4160.894764838143
361,135.92410702586858
362,510.80447298876834
363,4556.492695475457
364,302.13793310800475
365,3470.5649063824085
366,1964.3700642722154
367,3662.507852967906
368,2448.4705954110386
369,3576.708689098102
370,496.9952152708995
371,4781.449017387688
372,2926.599181142471
373,2990.624846434696
374,2320.904791786473
375,3424.1350475086438
376,271.1964413090036
377,1981.8913955212115
378,3514.7047426414983
379,5568.015705298667
380,1564.0837370993695
381,1160.5243833482573
382,1995.2628339481564
383,3695.2997620851406
384,3000.387659318052
385,1047.1599799739515
386,2601.464782906158
387,2959.3721621807404
388,644.4797151377741
389,208.39228565646067
390,847.0473309497322
391,1519.7271168495674
392,3345.573471213306
393,97.06291936674552
394,628.433803222623
395,2603.018056187765
396,1510.2852557102424
397,1961.7285022742963
398,1140.2449985854334
399,217.1127062602202
400,1717.7891170175128
401,4061.1866205061397
402,1785.9790842845357
403,1809.8928285347026
404,1544.9316255296308
405,1977.3084674647744
406,3703.541215722473
407,414.1139421465409
408,1126.8605369989232
409,3317.5506548265803
410,2362.9602466235215
411,1074.6887428614116
412,2079.4257167205233
413,2315.0515189907137
414,1909.3321728818548
415,2754.510039294856
416,4.3147689273605465
417,1397.8530040399723
418,1498.7848008129301
419,2023.794636130139
420,2438.8072793625165
421,4738.855329732556
422,2156.68045683441
423,4244.035665587928
424,1605.3029360044147
425,1726.4909383996544
426,2354.0814458083464
427,2290.137629886559
428,2583.647288378198
429,701.9849252789688
430,1696.795596724216
431,105.4389196801535
432,1618.8011644481253
433,2120.83566025995
434,1250.3045117690226
435,2990.3767912150174
436,3173.1771183285127
437,1211.859599850793
438,2397.477177895348
439,6.754059422897171
440,595.9307819123403
441,820.7311822716626
442,2515.507540433385
443,2382.0838649674038
444,2606.4179397828543
445,1456.5289879080894
446,1464.4054108696214
447,1791.0064745587
448,570.6505231042677
449,1947.157140205372
450,1303.4250931165466
451,2292.6674477516935
452,2944.903064358138
453,5716.47159221509
454,-44.21319186260189
455,1683.1353575011888
456,655.8150317027976
457,632.6653743755758
458,3303.624458252968
459,2548.7920267782883
460,7.327779858006124
461,1797.2488578752896
462,2555.3947620786616
463,2255.092321122213
464,906.2770343925115
465,2170.23293824713
466,1298.8518952270915
467,1707.457149163178
468,1866.1015334792955
469,3685.016401968169
470,2417.7727563630106
471,642.874936380847
472,4873.599799795093
473,1966.9811154162762
474,2596.0384265864586
475,3821.6899609854127
476,2895.7400062790866
477,3868.9525703968256
478,4406.984774206496
479,2930.48936489035
480,1953.662966716785
481,1981.8669343060333
482,2031.7175468031191
483,111.22509327616172
484,140.68085672512188
485,1399.6319841520226
486,2674.2488158136584
487,4007.6612794562116
488,2382.7884685119598
489,1631.4583210271503
490,3054.3870904606842
491,2716.7152875107004
492,1788.4190226365267
493,1355.5520898846175
494,2706.808447233975
495,440.6563100798012
496,1930.7156050739045
497,2742.51229170419
498,3958.6033180957998
499,2868.7877199604636
500,1937.3596349859176
501,1355.1057812520612
502,473.40987932246117
503,1143.8121600715178
504,3377.9826343330847
505,3274.9705304983004
506,1942.5481171804895
507,1904.7660856292825
508,5313.463827482014
509,720.0215165181055
510,2477.834863927187
511,2120.383970867878
512,3542.3494563756162
513,3814.4709028661164
514,2584.2753281636387
515,3284.92832466465
516,1928.760888530389
517,1561.8147104188997
518,309.6051453714995
519,1853.6009822064048
520,3060.4729763575524
521,1384.6254149906458
522,1665.7073139587992
523,2869.658425268143
524,4487.946919326127
525,182.23415249828008
526,234.19459558174708
527,2535.580302611402
528,240.76086617679562
529,1650.2756276145183
530,837.0124739887306
531,2574.9148102506147
532,2600.1088699619063
533,5591.200525201521
534,2452.612690591487
535,1000.922407648008
536,2527.538359193881
537,3737.21988593683
538,505.3506606897988
539,1223.7668729496004
540,3734.2752429339453
541,198.6877228721405
542,2658.8882313380027
543,6934.782239164862
544,4250.113930986548
545,1721.2634359720298
546,2994.9741535801545
547,2339.397337719197
548,4523.020656337241
549,271.8105995277165
550,2327.3624705655247
551,1762.859184185952
552,1005.8664291396124
553,3021.315401013348
554,1039.4391594799717
555,220.2570660402596
556,1987.4697453087679
557,2097.1566590572133
558,507.18278237096797
559,2135.0794999012583
560,607.7282472901945
561,1216.955242028072
562,2394.8791913457517
563,3136.7707113842876
564,1952.6157173670613
565,2815.998474095486
566,2450.118997596925
567,324.0762015911073
568,2102.232181800845
569,2207.178462407873
570,2285.7177407024046
571,1653.4805166551466
572,2828.549017220188
573,1115.793175023358
574,1562.0436282898745
575,1940.8056925317267
576,3933.1279289743215
577,4278.273196515724
578,4928.752008609958
579,705.8128877975141
580,3116.8088230927333
581,1447.756579650572
582,1903.3625505343978
583,3500.175543070149
584,2622.1044403753735
585,2878.315946040406
586,2462.188643352361
587,-1.6701029758824006
588,1501.952529742261
589,1355.2862541646052
590,2135.2501779188797
591,896.6172350749432
592,5420.927131372032
593,2196.9700919707643
594,3296.5847037454887
595,445.4883201963835
596,1858.4579157575422
597,7116.783232483495
598,601.2236801592783
599,1392.4787840617275
600,1860.1045903729396
601,296.55930984125234
602,2372.4751835709885
603,1977.1092789686465
604,3658.3244017229736
605,2411.6086922190284
606,1802.4135006110196
607,2947.622008261537
608,2080.587419791873
609,2683.5276920725387
610,676.7620924708019
611,2045.627951328856
612,4111.666855710703
613,3179.242551402901
614,10.285866838619313
615,1084.05278175512
616,562.4888429902308
617,2972.084092656252
618,688.3540732522742
619,3150.5920346152725
620,4243.868860095471
621,708.7860455744683
622,2033.5946433192028
623,2342.921753261514
624,2299.099030707492
625,3941.2530817975157
626,3134.586860548785
627,1320.687143696572
628,4088.2781519590653
629,2892.4134184942914
630,2066.982546494249
631,334.9273147452525
632,497.40973511943866
633,2694.7254171245486
634,1604.0032152018186
635,356.4720390895566
636,3347.0732524445866
637,386.34025605893635
638,3686.938572859971
639,301.4175229347486
640,2867.4836272981993
641,375.3690325997786
642,1290.8406763888217
643,1859.8648521264854
644,2155.755607559993
645,511.5522738158852
646,3690.709653491156
647,2029.9914136250234
648,3985.3439591496976
649,1380.6187822144327
650,2451.6890416911315
651,787.4752811599581
652,959.171471108619
653,1715.8397403586791
654,3005.8712874369703
655,2862.3864421710086
656,2090.806358265805
657,3946.1937900264184
658,469.18942577559505
659,2642.479811391145
660,1995.1276584335933
661,3514.603536317924
662,2893.297870554695
663,803.5024715246627
664,3751.60769613502
665,1064.9730104977446
666,1789.9218692172444
667,2840.838123933457
668,4751.1551824029875
669,1669.4248896014983
670,3918.2437442369896
671,255.63889012280174
672,498.57089977157125
673,3279.770229250219
674,470.6799730509872
675,4441.708725713897
676,4019.100236649276
677,1302.2996565358892
678,2586.9403503540975
679,1548.7664184702498
680,1857.0236295019722
681,1146.8026810024717
682,705.2262247253614
683,82.32412116310525
684,1475.4064102228901
685,767.4168836336255
686,3001.643167182012
687,2977.6039520860204
688,2288.1791014417245
689,379.40703749437057
690,1751.1771004085213
691,1563.747938856106
692,2995.375369754679
693,5547.78594629704
694,1359.9360938760342
695,1996.1120328995762
696,2182.1280218671614
697,97.73033993601439
698,756.7555462455632
699,2272.8052334619892
700,5400.703081451979
701,2960.0040433160116
702,2189.8220046814263
703,749.7596274349542
704,585.8660531047881
705,2553.165247692524
706,839.772913145601
707,258.0325518763136
708,924.6763918569666
709,1038.8449709918532
710,773.5830489092091
711,3600.787556285063
712,655.1188759991421
713,3064.9094138239216
714,4000.0016145526524
715,3269.887001761404
716,1232.1070861041221
717,3285.6856515520194
718,2541.342905953922
719,3286.6915484895426
720,1397.8633929483842
721,2475.3129438078986
722,2712.59755961051
723,819.7226281316812
724,2168.0319727337696
725,1864.1041506547308
726,1178.1826092805627
727,2676.810208927465
728,1950.8238426428059
729,1481.6145361881504
730,2011.9832904494592
731,1291.4476152835637
732,2929.1745292288347
733,1710.2147249419095
734,281.41261444614406
735,1958.240914998706
736,2219.450898261293
737,2197.1691244939016
738,1040.7456434835792
739,1400.1502860590065
740,559.5082884507447
741,1468.1441124413768
742,3965.391476684019
743,3196.256138619612
744,84.59949375796623
745,744.7487251871978
746,5291.294828791886
747,77.81636503883374
748,2416.9172155006686
749,3223.674369724088
750,4127.326699043139
751,765.0642288011234
752,870.2055688826972
753,2709.337047051592
754,2959.3999769619654
755,1387.2133354795274
756,676.1440161031167
757,3948.3636744860833
758,992.8869908693348
759,713.2764974369791
760,2001.7797052562357
761,1910.5980541006275
762,2873.946320529256
763,260.88881253918
764,1498.2717510340767
765,2285.153131745908
766,1186.9586109585857
767,3150.065936218068
768,-22.121381378436126
769,1114.5460848824964
770,2025.3889710808987
771,2342.7616262735164
772,718.5570175943917
773,2139.899883290942
774,948.3789038052837
775,2114.2101924187364
776,2070.5950223428
777,2356.1307715507983
778,4383.953517090613
779,4224.3811942515
780,2033.5876753471375
781,3802.2487001319087
782,2804.39304428481
783,874.3485844311454
784,329.7681174547231
785,2371.5717465732146
786,5328.256324367609
787,3742.871203879167
788,525.3804927558413
789,2103.4925146853275
790,1352.3370005043346
791,1621.3113973654847
792,1996.7442243901505
793,2025.5707953482654
794,2534.027567173255
795,2563.639066253825
796,1023.2009081163112
797,1440.7839559729134
798,3054.622298739636
799,3491.41810835421
800,2186.4571042133243
801,437.0056685423576
802,2475.0863679862377
803,312.44283935161025
804,172.71085416749452
805,235.3939118698122
806,909.5284025122025
807,3490.2092166265056
808,2752.186547816052
809,3396.954722076336
810,5021.785089828725
811,1004.7789024962435
812,1362.6562170458396
813,2145.103980582735
814,942.1787820541992
815,2253.4172326057587
816,1193.0920693705352
817,1634.4265171342295
818,578.0127808888235
819,329.0029778151659
820,2074.3981674513143
821,4182.351651173872
822,1952.0331977574644
823,2296.6965387974624
824,269.93296274364616
825,1026.8687336286698
826,4826.016365397638
827,1448.2087633846966
828,269.7060241921015
829,5068.4419451149015
830,1552.4717916825857
831,2592.533980387151
832,3396.5788116234626
833,631.2958787613932
834,621.7376858272921
835,3019.6447588288906
836,2761.657112487274
837,1443.7258100753768
838,2502.358625659024
839,196.6430645867938
840,4451.498538918679
841,2029.3914218290413
842,441.3520613701023
843,1729.5343787684387
844,1593.987273539091
845,1213.109661059981
846,1325.8547151302018
847,663.6354204368151
848,757.8740440569086
849,716.3194583899462
850,3076.020272310979
851,1586.4821907413743
852,2099.070099651164
853,1622.776609631237
854,101.38173722324427
855,278.82865083672345
856,-107.05968521809746
857,575.2078839663841
858,3667.3353645142497
859,3652.1616799694966
860,317.8025532929821
861,1386.6263971479905
862,2537.30052238531
863,405.21035661433666
864,3821.93633331014
865,3094.5727515655094
866,3576.43238566358
867,660.155621774913
868,2715.272086599858
869,22.90087747103007
870,832.620565894614
871,2440.922892538673
872,1615.91201326515
873,2945.4092949693927
874,2061.7470534406084
875,2936.2097790628673
876,1402.4446716591863
877,4665.943726091804
878,4149.773221844294
879,3482.6680941095615
880,1824.3089666599465
881,2872.5040760068
882,3691.6052566069893
883,2293.9363661093585
884,4185.017737802199
885,1676.4784249762076
886,1782.0680283688405
887,1078.2303061601515
888,2573.743343129552
889,975.5011913533585
890,3188.6140452680947
891,2847.2960285601994
892,381.0238678127116
893,1726.128308701512
894,655.420634340139
895,2967.216520542535
896,3464.260368481414
897,2597.310895126443
898,2002.7373915313024
899,2660.5201101430644
900,494.4121045874899
901,2235.7342415664
902,354.1012376499107
903,3000.8973841995903
904,1035.3192836819242
905,3610.701970759201
906,1239.1015497135195
907,1308.4822116105072
908,2444.0431154399125
909,1304.9185349910272
910,977.6117677826421
911,2028.8993983405999
912,2555.931894292218
913,943.6063810302323
914,3409.6034159886203
915,2618.116792736294
916,2237.032418188001
917,1838.5251762868697
918,5426.714749651013
919,1793.2755499647283
920,3859.4465786561236
921,1751.9045807804332
922,1930.6760871929807
923,2478.116875262941
924,2928.053635412699
925,2305.740617771778
926,2265.4467606370795
927,1403.6289909640627
928,1657.952524901313
929,1704.5302020120141
930,3136.924870306425
931,3146.681779789782
932,2950.3283832194834
933,1787.0084271429068
934,3937.4172473174635
935,5398.371536042814
936,1360.129851981156
937,3605.8737598740545
938,748.524827601173
939,7048.137548490753
940,792.5768956535787
941,1618.7175821817393
942,2157.971101170656
943,845.5756902462799
944,4325.703956561856
945,4380.245193287581
946,3380.536621647831
947,6453.48947295544
948,4146.539086682665
949,862.8093561091164
950,2030.346328774455
951,2738.3879225851883
952,554.0129448876053
953,2202.119464650913
954,5110.228461344017
955,292.54076558469706
956,2572.5508171931856
957,2712.9950728115473
958,954.6310911802393
959,3537.378019860229
960,1022.9874733603954
961,1735.8765464738003
962,2117.2917205466238
963,1904.9804779027177
964,2604.822528115744
965,2177.3713448981252
966,1427.3043661427687
967,1868.5579138716196
968,4039.412301284069
969,4255.720649354756
970,1955.4536347304584
971,4921.872407653891
972,2612.4629079186984
973,2618.0014959703217
974,2692.192511183234
975,3147.5750164886185
976,2920.447574836258
977,49.238249366624586
978,1180.927704596466
979,1050.3845550413025
980,3329.780668293949
981,4066.1940035494854
982,353.32392257197216
983,910.7652144167598
984,337.7644245741419
985,607.4072214653645
986,1972.2426834711657
987,994.4244708163912
988,1892.7251199955883
989,2433.8172304477876
990,311.90442182672246
991,2819.7176187496357
992,2011.143934184482
993,2732.306661190229
994,2287.2368938402583
995,3116.680432775858
996,112.65344063009525
997,1801.4082037492467
998,2398.737973422113
999,885.3984908740986
1000,499.6683865957225
1001,-192.98855538170346
1002,7257.137168714091
1003,2480.989632343232
1004,727.0095463225939
1005,719.8409706354187
1006,5995.648486141012
1007,3479.0961459850196
1008,194.25590253733367
1009,2099.356596762988
1010,2065.621327918687
1011,903.2896000796263
1012,1913.2168839559467
1013,2339.320764137419
1014,4660.305545989795
1015,484.698524335874
1016,2736.8134322886226
1017,151.43301649598834
1018,2003.173209885958
1019,28.319570735720845
1020,2422.1122666499546
1021,5681.518185389621
1022,2199.1283307364934
1023,1619.1254640704622
1024,2435.686962783188
1025,2159.7391154601883
1026,3066.2070155368056
1027,682.2006731572135
1028,3157.054744881193
1029,1091.5572518122924
1030,1393.156907325892
1031,423.04655698417923
1032,905.0247539864088
1033,2356.298734143405
1034,4313.915574969944
1035,2213.544742305275
1036,2744.811982518332
1037,3105.555369000722
1038,5081.348638786316
1039,1323.0268262486543
1040,3423.833885778619
1041,4806.513435820052
1042,1605.2725999779043
1043,3822.405426640562
1044,2630.6103786085905
1045,470.086882726707
1046,2327.4218721723523
1047,919.1783533156035
1048,3357.9097869326797
1049,619.716465663869
1050,1871.2419714910634
1051,634.7868458091914
1052,570.6713659318575
1053,5037.234548455199
1054,126.8657877371511
1055,4399.514963562409
1056,1227.6132622535918
1057,1726.946786553141
1058,1333.9278268349021
1059,5341.561331405815
1060,1251.504747755475
1061,296.35323063595774
1062,2106.412567862126
1063,1592.275670565169
1064,2883.058824414891
1065,1661.1807930006973
1066,3200.1707765403935
1067,2809.0865199456116
1068,477.1653838116338
1069,2214.47426083835
1070,2453.1440436876896
1071,1674.268913323572
1072,4754.691257223856
1073,6212.459404920213
1074,415.55432107155093
1075,853.402884694982
1076,1566.3182467091492
1077,4114.850214720038
1078,2043.4305827111132
1079,3189.345001533121
1080,1743.385690349866
1081,1929.4684685435104
1082,3046.510430274003
1083,335.98022358087974
1084,612.1134418244769
1085,648.0987100787199
1086,418.03738417913064
1087,1544.1769100649412
1088,1128.865730133712
1089,241.25794716541236
1090,1054.2554480974886
1091,1534.3341993399608
1092,550.2569642167387
1093,2520.6935048183923
1094,3766.0016626718216
1095,1983.126328998886
1096,3863.1115531745145
1097,3004.6926877474707
1098,190.73079663157841
1099,2801.8327575871235
1100,4554.814816135355
1101,2658.9819515508602
1102,1934.2696010459351
1103,2108.706001042672
1104,1747.3532700377725
1105,2316.3775286656155
1106,824.3424889766363
1107,1235.5958139713748
1108,2.031483123421367
1109,313.0622408435793
1110,3470.2370921099036
1111,1103.3040130124907
1112,3576.3434477225
1113,3719.617373111833
1114,4308.7108520087
1115,3426.181854533399
1116,4214.258487156369
1117,1914.975044605475
1118,1561.779704934267
1119,1340.1227125563514
1120,1374.520992925888
1121,3439.5454066854018
1122,3126.0585348594163
1123,579.2654855893115
1124,2464.8814929992254
1125,269.51584047258007
1126,4576.426916682873
1127,-37.80554765476654
1128,820.349394343991
1129,4125.5057280040255
1130,1722.5718746702898
1131,1009.1192426612736
1132,2184.0504713851574
1133,531.308182633675
1134,4433.0143079129075
1135,3595.523163295985
1136,2443.6685309918357
1137,2044.3091689036391
1138,818.5242364545634
1139,3478.285636965874
1140,821.1968196519147
1141,931.6102754690521
1142,1970.0661124537207
1143,2128.418069182646
1144,1460.843821095003
1145,366.67878032394424
1146,939.6576931270313
1147,3092.5241446740038
1148,3439.7532854550245
1149,3400.548382994664
1150,2096.8974494224167
1151,2878.7200091527293
1152,3002.0159833058397
1153,1277.958860521256
1154,3610.342005235972
1155,2613.6645477493794
1156,1660.7648266851268
1157,1296.4426564326843
1158,217.29039082137865
1159,203.3398961831076
1160,1215.8742078794553
1161,3453.673456954968
1162,3491.3954968845565
1163,4080.1207929729303
1164,2750.6919818853676
1165,2772.7602776845065
1166,3799.6752414293046
1167,4128.528938525539
1168,3021.1655371806273
1169,5141.419159951845
1170,4298.574034194906
1171,1654.108382478391
1172,3260.3222821003683
1173,1431.1882363853147
1174,446.63407951251907
1175,1138.4656457230224
1176,746.1961798352311
1177,462.22708963975333
1178,237.98357164687718
1179,637.5204788778653
1180,329.88977829321857
1181,3312.524156664771
1182,1541.6518906350268
1183,5663.184744104353
1184,2747.568099905495
1185,1653.266423351645
1186,1842.132881044967
1187,3201.635989101221
1188,627.0972696134072
1189,436.8457075420183
1190,1957.7921773243825
1191,2519.885383509222
1192,752.9559813337708
1193,4776.386036211059
1194,3108.1045617641776
1195,202.9217574885147
1196,3975.057358603071
1197,521.3952391585806
1198,3369.1332615017786
1199,1693.6908908182763
1200,1860.8873705991368
1201,1748.7694226768792
1202,2723.767360663273
1203,3070.338686534155
1204,2824.307736524757
1205,4670.901014575834
1206,2714.3526718770877
1207,1385.2699344461696
1208,2369.0801188932087
1209,2319.8722497657536
1210,1895.1086811317768
1211,1937.0874103551469
1212,4419.944860615362
1213,579.0717683860626
1214,4973.550008828547
1215,1875.8115649708318
1216,623.1871595995374
1217,1146.801996752763
1218,558.0508788426453
1219,335.10970229374607
1220,2740.9855653461905
1221,1737.461155405221
1222,1999.5636138401683
1223,2151.9761514395086
1224,314.7607061624658
1225,3777.157313313659
1226,1706.034493846998
1227,3058.3763919444523
1228,310.609939118641
1229,2714.316430845145
1230,3134.928956206011
1231,2837.7418228144857
1232,621.6752625698398
1233,153.0696729191268
1234,4267.9914423363
1235,3256.8455710391636
1236,1283.1548645247362
1237,1361.0472145901358
1238,673.7126106730123
1239,2873.535056264393
1240,237.11805719703898
1241,3703.6359651141665
1242,6230.525892767828
1243,1419.7709883517693
1244,2644.9584799355825
1245,3301.5179784358784
1246,968.2432191450036
1247,121.80966975178671
1248,2946.723380930989
1249,2108.717023969326
1250,723.2958936671012
1251,1634.486646629784
1252,745.3023063616101
1253,4318.513537876441
1254,352.19025192894014
1255,2234.0484167876816
1256,1152.3516243267445
1257,2375.65990058074
1258,893.5348047247041
1259,1652.5241031714104
1260,4593.367148612986
1261,1846.4505014384
1262,3916.3817817037034
1263,2573.606560640463
1264,156.42231051273438
1265,185.85501669381983
1266,1009.8415340614413
1267,2064.5039209420565
1268,3330.3321461038104
1269,1589.8732150409164
1270,3646.8935625594513
1271,166.09330957091925
1272,392.63631113582005
1273,3616.2245401003283
1274,2473.1477959758645
1275,490.142824767765
1276,1829.6702562779212
1277,5235.191957657286
1278,448.1480893000132
1279,2462.946434100073
1280,3650.9111880228493
1281,2089.4541150655323
1282,2338.142859258721
1283,1662.112705504557
1284,2161.6602309626346
1285,1532.1836101930685
1286,1054.2232100224976
1287,4417.304342966038
1288,2830.767392176237
1289,3484.848865747077
1290,4481.249290427424
1291,2712.7755145230763
1292,2200.895850232147
1293,2805.7865768395977
1294,3097.2302942901524
1295,3243.0533243686696
1296,2195.6045724704722
1297,2894.5068350223933
1298,1231.3244831702136
1299,1678.8151005898126
1300,1302.9954869351682
1301,664.177697470494
1302,1847.474715081519
1303,1916.504543041591
1304,5381.103665474635
1305,2117.5342434457016
1306,356.5448066193587
1307,2262.8348285188476
1308,1624.4080183551937
1309,324.547059615669
1310,616.5819514906359
1311,2873.1858285571925
1312,1235.4845184687822
1313,2787.6811723053434
1314,2915.9254684197103
1315,1684.7830412011488
1316,1924.9013188715016
1317,3797.651751402722
1318,1165.2585376455293
1319,610.4911696686033
1320,2428.851510511812
1321,2165.2835110656106
1322,1383.541561379098
1323,1306.030983981872
1324,1576.5471253858987
1325,2610.2976938842653
1326,1007.7518570947341
1327,2405.7159138329484
1328,307.8307095606183
1329,3822.410800260085
1330,240.19722778881805
1331,3140.9720222146852
1332,2048.8735219706864
1333,375.2349590208373
1334,2013.6168779960753
1335,977.4820741140193
1336,2519.3951550810707
1337,1936.102011281578
1338,2218.445385702951
1339,633.7112440587407
1340,1085.7526672687118
1341,1498.653896590174
1342,1288.830319484604
1343,153.4508102468335
1344,2200.9923397357697
1345,1557.4165008636119
1346,2448.899844715635
1347,2503.9446548221454
1348,4624.892649636218
1349,868.5683462473544
1350,1824.620361906584
1351,2291.0297469268153
1352,5375.051966312978
1353,155.35591767200026
1354,1740.200474138925
1355,600.4783997548018
1356,3098.232974702795
1357,1330.3055709963855
1358,1088.5690911462468
1359,3249.902807828013
1360,2258.853331173855
1361,1846.3882157262028
1362,2293.903335803547
1363,2407.1689936822104
1364,6790.336320283406
1365,63.6888581947951
1366,2764.6348780115713
1367,1787.104371449436
1368,2838.8809196648417
1369,4408.40021814413
1370,4510.359151998424
1371,3664.195954319596
1372,2716.894165474332
1373,417.3984632791114
1374,444.54397761533323
1375,2866.1391122812515
1376,410.5018365392018
1377,1330.074712181813
1378,177.38826216073085
1379,347.5605553911673
1380,751.2518602769305
1381,2503.0570386182403
1382,2676.4538215349116
1383,3359.988892089056
1384,5144.976810156679
1385,3015.0440056000602
1386,1398.9499422772246
1387,3748.143370375793
1388,2000.5449643550364
1389,1987.133222597376
1390,3857.6436488579857
1391,2162.253115242441
1392,4912.14238078822
1393,2177.3795369817503
1394,5321.8666260203645
1395,1881.2103322444793
1396,1610.877427772334
1397,5639.955777052295
1398,1785.1138758466734
1399,258.2388136668046
1400,2271.4799332332796
1401,3639.4239633933694
1402,2784.259882720901
1403,2143.1240690851173
1404,2025.2871810949346
1405,2277.4899050983877
1406,705.9859759496319
1407,6027.895772335331
1408,2070.623901665504
1409,1887.249680281731
1410,856.4796774913384
1411,3152.2263723499204
1412,355.29415578584894
1413,471.348319271083
1414,2562.5556785973386
1415,2381.724618300352
1416,1061.341441052858
1417,3044.9550739777237
1418,209.1784219428116
1419,3574.494456258286
1420,696.6083007688676
1421,2941.36106437927
1422,4894.480507570674
1423,2816.9150523306635
1424,846.5441167460144
1425,1725.131308072378
1426,419.25295474382733
1427,7823.769927508311
1428,3120.5714897068992
1429,706.567709737933
1430,2518.767908942178
1431,3200.9865793494596
1432,2199.8359827636978
1433,1821.1338002491177
1434,3324.6736294618304
1435,5358.2116967013135
1436,1687.2920004785412
1437,2537.3712359858564
1438,2296.059120004432
1439,2888.3393883635586
1440,2200.8550780283035
1441,3373.4378723526306
1442,6275.370544912539
1443,2282.3680270097307
1444,2107.838454252909
1445,956.1717968626908
1446,198.2944268582728
1447,3975.9715116474918
1448,1482.6957549084595
1449,2409.925205659532
1450,4194.004554402052
1451,1807.9778237646183
1452,2214.552510457431
1453,2651.861747990176
1454,3021.342704510883
1455,-786.8153907507117
1456,2220.9594925641486
1457,4295.885991699857
1458,2667.3340333614165
1459,1371.2711358379418
1460,1453.412825327591
1461,2094.9567432237045
1462,3781.4542040007086
1463,327.4381323704322
1464,2987.3021421522058
1465,2241.551200282047
1466,1958.9863031596292
1467,2115.02888572185
1468,1437.2064451217425
1469,1344.8851586235176
1470,4928.024493273344
1471,2772.392534870195
1472,156.76715155721695
1473,3737.3925144557643
1474,2139.4437655678485
1475,369.0097973189693
1476,1245.831227809827
1477,1101.3641587682196
1478,157.52723530196522
1479,237.93201244268653
1480,1570.7054251269028
1481,2127.205414327274
1482,2448.41367079698
1483,1050.1564026525784
1484,3588.0722892367785
1485,2510.1092323252724
1486,1759.5079917891492
1487,272.4464945266361
1488,2174.4364634175
1489,2508.7771919518755
1490,2757.4374056134434
1491,-318.2182243144448
1492,2115.239900815779
1493,5632.279298937611
1494,1806.908260810531
1495,593.02165159593
1496,3149.759791606147
1497,1928.6536387329807
1498,4440.905671184557
1499,2850.5185619533486
1500,3638.6882198288713
1501,2258.6791345360793
1502,3213.733686392672
1503,845.6353321821189
1504,1276.5924279270885
1505,1570.944138991965
1506,2929.0305055270856
1507,490.88902798284175
1508,2976.6500650909416
1509,6814.696247645943
1510,138.34251828561946
1511,4690.322043820772
1512,2833.2193228735737
1513,2472.97225346484
1514,1639.1191810226096
1515,1578.4689333125261
1516,4131.0986446361685
1517,3035.2210313228343
1518,2692.4501951596408
1519,1806.949507911434
1520,1291.7785354490422
1521,2993.72203457977
1522,3394.8239187818526
1523,772.2377124312782
1524,684.4530607813949
1525,1279.4782783583323
1526,1835.4959129949793
1527,2903.824025046771
1528,2743.2183155699563
1529,6508.828168704729
1530,753.5655723303153
1531,290.7489751530113
1532,1527.2708058783264
1533,1573.0186233256968
1534,1502.6367247370924
1535,1764.1102855205063
1536,1781.3965283840537
1537,3025.863661249735
1538,1642.0711185950822
1539,4349.558783885337
1540,3432.1234467629783
1541,1840.923101283308
1542,1309.293591851936
1543,2812.336496449841
1544,1954.2169842942048
1545,1021.4877641102539
1546,1208.3567901021518
1547,2035.975492756203
1548,417.5569414499239
1549,297.6516266380818
1550,1462.845379334697
1551,1197.0210165645017
1552,2927.562127096713
1553,2717.6539057528526
1554,1470.9239440656806
1555,312.618078836578
1556,3346.6528374513664
1557,353.68607348645764
1558,1298.7359736664785
1559,1650.962230213553
1560,1715.2468200459534
1561,2498.2792729429925
1562,3673.198179834614
1563,3384.598134741431
1564,91.38495324994301
1565,2658.212562277894
1566,2508.141370825497
1567,4703.211584344064
1568,180.12839169339804
1569,2732.6872520296224
1570,2477.3215616382663
1571,2559.877731175561
1572,1787.2520364286756
1573,345.6836774407627
1574,1226.1885442580874
1575,2311.572148726666
1576,2444.9591005858783
1577,726.2294774974891
1578,5390.643254630606
1579,1351.2813192592798
1580,2837.1974680146786
1581,4648.857569872507
1582,1123.2597116181062
1583,565.3084428785319
1584,815.3384379279632
1585,2531.1920189390407
1586,1280.1692659738287
1587,1405.3116160731045
1588,1339.340953616708
1589,1623.4584087638982
1590,2538.860918638018
1591,4293.344318136375
1592,2692.8680717727857
1593,1688.5332920385329
1594,4341.121800678864
1595,3501.889335169817
1596,793.9691271312117
1597,3468.915921744133
1598,507.5371807794895
1599,3305.480046508802
1600,4651.125869393023
1601,199.81194212567334
1602,2809.2374592905076
1603,3887.4715620718453
1604,1903.3835563076186
1605,1515.1619235648222
1606,3333.2526858310275
1607,1822.4983303407175
1608,499.68377183893904
1609,3576.926732224214
1610,3653.5047095356613
1611,1288.9700428526799
1612,202.70641826644965
1613,2062.9146094032885
1614,1197.6569661782055
1615,3556.600110815909
1616,1668.460169684979
1617,218.6345848563119
1618,1682.6466989479163
1619,2724.544027890263
1620,1795.6975144091298
1621,2753.4371176828076
1622,1556.8553708917323
1623,2547.472689986199
1624,314.40924865008697
1625,855.0664408835678
1626,2382.9413316054183
1627,3906.2878549008706
1628,1506.6631724125807
1629,2425.5887702697346
1630,397.0629581724693
1631,2870.9077621414276
1632,1448.5382455744266
1633,1608.9993591144462
1634,3192.1269713224874
1635,1463.0237240602924
1636,234.48119713632605
1637,2980.6979467494125
1638,3320.7911300740084
1639,4159.716888885665
1640,448.80262739840487
1641,3355.529719082868
1642,1164.7597421155488
1643,4491.7550819818625
1644,1624.2394001965413
1645,3129.453034842908
1646,4179.325355637758
1647,2818.5501792175824
1648,2610.9540469024805
1649,3390.549633218475
1650,2944.302464430144
1651,2397.233654967177
1652,4049.072007645171
1653,1839.6826608214612
1654,1806.5223147288352
1655,3236.283413482279
1656,2659.645848165208
1657,3272.6528531069607
1658,3079.5991808638214
1659,1452.4482613228092
1660,5184.265021492052
1661,294.3750529082024
1662,3181.1331439979454
1663,713.7485699668237
1664,840.893503937709
1665,1396.2684992904428
1666,4743.592219223593
1667,1767.4098812641676
1668,2514.8274350452084
1669,2438.1553990797292
1670,1454.9941729663728
1671,1875.4686989246047
1672,2941.8680180347387
1673,3020.865206775525
1674,2198.4235199426057
1675,462.68383356295226
1676,1973.9284269544132
1677,206.65329801693997
1678,2095.8126366817773
1679,2632.813265896487
1680,2861.135739646376
1681,2249.864502098495
1682,463.7882408023145
1683,5133.251066250572
1684,5000.070980008261
1685,2296.2664411070054
1686,209.44364558374286
1687,3795.397420092786
1688,3284.063926182073
1689,3428.0847019640933
1690,2981.4349397731
1691,3849.2466715046835
1692,2966.8510760971517
1693,2856.080907836147
1694,2697.8102125723904
1695,2650.774543383389
1696,269.6420803700555
1697,1850.732363652417
1698,3344.579842150968
1699,81.78015299358549
1700,341.79276237504473
1701,2768.466773959277
1702,2559.575781652363
1703,2340.783411202667
1704,5670.1253272025515
1705,1195.4641615911214
1706,725.8160771470211
1707,1304.8778860914776
1708,853.8311601647081
1709,2589.8271878857704
1710,5401.689012563089
1711,1441.987748376499
1712,382.83167761305776
1713,804.0523603960071
1714,1800.8177178811811
1715,1060.0506725516366
1716,1324.2576749893879
1717,2502.131671793403
1718,2583.7065146941195
1719,3351.18140577782
1720,1690.9456492919483
1721,5126.697214023874
1722,588.7353023551934
1723,3173.912776051642
1724,3205.174834631353
1725,2813.3653721780556
1726,747.9208759426044
1727,2512.848991621377
1728,2381.530264447443
1729,3628.9628545052883
1730,574.164209902885
1731,1391.5714027233882
1732,1.5356220688727262
1733,2965.0358205876687
1734,1193.9065127189083
1735,968.7340421390966
1736,669.9383367902999
1737,1723.2134681474076
1738,1893.1874034355271
1739,1995.3519858861487
1740,3982.0181791174236
1741,1400.0527076971603
1742,2654.4716932614497
1743,318.3404788052651
1744,5925.942132987384
1745,2020.7434518422954
1746,4400.58866311595
1747,2089.8504487794135
1748,658.313597856984
1749,2399.0732696339
1750,4201.034155918139
1751,461.21829285548006
1752,2754.7063943753446
1753,1573.298364187879
1754,342.0182891058464
1755,1492.133297417281
1756,3083.2226137964008
1757,554.5146124287746
1758,2261.545693330759
1759,6191.191088682086
1760,1848.5300839904514
1761,4181.450961199689
1762,2653.529922703219
1763,2000.974977386558
1764,1472.6506871488668
1765,3079.235619464078
1766,977.360063673797
1767,2084.54135300841
1768,1827.0730478657974
1769,879.4200750971916
1770,2904.112742882901
1771,3454.3940915263665
1772,3619.428783525579
1773,586.1696914314434
1774,1881.0832396154206
1775,3373.6062732504565
1776,505.82419400814433
1777,1504.329259306539
1778,2212.769956371851
1779,2374.8069740814503
1780,2211.6466306733155
1781,2606.417098644991
1782,3988.812032119514
1783,1528.6286683482836
1784,434.59729277482984
1785,3066.78332604359
1786,1136.3687502452142
1787,2340.995518507199
1788,132.0055747840288
1789,1310.719401294737
1790,3281.1294785676373
1791,3648.364098631078
1792,1960.4758939205105
1793,2439.915380219645
1794,1965.2468127667194
1795,2192.5293010109954
1796,1503.1532547216925
1797,2360.4893577926064
1798,289.5810206880619
1799,3111.718162139648
1800,448.31968635917315
1801,3482.880717689626
1802,395.5145703141827
1803,2268.525308124661
1804,3648.6657197701566
1805,1037.0225006636665
1806,2578.07728784343
1807,1984.487447835068
1808,3918.9928168820684
1809,5466.427350248883
1810,2998.4962087633967
1811,2627.085455861045
1812,2390.3240011101334
1813,3525.1126739181186
1814,2378.96254439955
1815,1852.2837107922373
1816,3327.692824591939
1817,1896.3617123453162
1818,3731.586821204657
1819,3045.4118746023987
1820,2805.822033526959
1821,3126.3201728050353
1822,870.1891431040276
1823,2649.1278137011727
1824,2360.103511599135
1825,2154.4315443914275
1826,1601.939119557761
1827,2925.2700603609633
1828,950.2835935969586
1829,2821.477897107319
1830,2362.0870859335446
1831,2456.245908247441
1832,2416.4506701270575
1833,2034.7415305363338
1834,1691.0911880869032
1835,1596.7703117158057
1836,1711.1752837605618
1837,594.4750073661762
1838,2454.21663015104
1839,2491.314261166777
1840,592.925096078045
1841,2627.0608486987426
1842,1956.7585141625539
1843,1897.442293953281
1844,3811.5978213741464
1845,3099.7732798341476
1846,2954.492299029642
1847,4138.639704694275
1848,2029.834082767998
1849,3480.4725804141817
1850,1438.6572116698007
1851,1674.0161243263192
1852,791.5036136096069
1853,2281.536979841364
1854,2556.462227440316
1855,1942.2894575701532
1856,2339.6768091407366
1857,1083.781760999328
1858,3234.2386659191848
1859,3496.8702547612247
1860,227.11317488235682
1861,2361.764237681217
1862,638.7574632941421
1863,2916.0840979970635
1864,2884.3675362867516
1865,3355.507240268891
1866,1349.7652437534389
1867,2612.575389492845
1868,3031.8608946541153
1869,895.753402527147
1870,947.6321355456273
1871,2399.3230710528264
1872,2307.287716706879
1873,3073.621751548552
1874,3759.525982243712
1875,2294.178445347008
1876,3637.4072255726132
1877,649.1688025217145
1878,426.64010480671755
1879,1759.9556637578526
1880,1574.4515653774918
1881,2502.5189535632007
1882,5428.954403865964
1883,144.13167830542238
1884,2935.27635005286
1885,177.72191646042734
1886,2450.150710935698
1887,4428.676503084879
1888,1215.6621833054992
1889,816.7085063419725
1890,1177.2294036017138
1891,2612.6003044386107
1892,114.78395701962518
1893,4417.290004215172
1894,144.2968635837317
1895,1585.6817755950124
1896,3459.1790684187727
1897,114.64032592523927
1898,885.3776185703928
1899,2182.5423490870835
1900,1860.4354524257578
1901,1126.6164812852742
1902,2172.7246357927183
1903,4408.91684259437
1904,2247.102130707348
1905,2381.7302950441886
1906,782.0733800070745
1907,2254.2146023566966
1908,1447.2446094913373
1909,2218.2248001185094
1910,505.3704727839033
1911,598.4593201033404
1912,2422.1625183840515
1913,320.82421968043036
1914,2683.9988806929523
1915,1188.31468304887
1916,1470.1398467187469
1917,2771.087502612278
1918,2741.1069941233013
1919,2323.699079799183
1920,3362.877317488621
1921,3346.6040117861703
1922,1274.020130184385
1923,1894.6942952014922
1924,5661.606509364506
1925,2253.9487511742836
1926,1542.0172914511086
1927,1590.7091564639563
1928,1381.5317989609923
1929,103.66914375756596
1930,823.8322296465969
1931,391.8999080916708
1932,1718.1446206489927
1933,3102.685407927514
1934,3482.319801266288
1935,656.8183539525526
1936,4004.4835529844263
1937,1239.2905915197211
1938,407.0942899252193
1939,4722.263329392187
1940,1729.4525014430394
1941,594.0694952267463
1942,637.0981382095449
1943,887.4014479517541
1944,79.83862182471194
1945,355.4424957324336
1946,3008.047862084436
1947,2701.723811592294
1948,1934.7031910772089
1949,3117.3860754020398
1950,3997.6159116835934
1951,941.9953406714744
1952,116.97929322483833
1953,4169.790769870305
1954,1661.5404227626818
1955,1924.1463692948819
1956,1280.5570856856507
1957,4334.857907364769
1958,2053.0306900993614
1959,321.5517756435104
1960,1129.0171380179506
1961,3167.2862844343827
1962,3253.116763055346
1963,5187.026111771821
1964,2381.412497751796
1965,1703.0206170875326
1966,839.2808926039932
1967,690.9013747871838
1968,3668.694477135928
1969,2355.932147544088
1970,104.3291893038072
1971,1759.4444926280523
1972,993.284061861393
1973,5381.128466349847
1974,3176.085689120776
1975,2158.595161611043
1976,3526.370114008382
1977,1777.0476045162854
1978,580.1722673175243
1979,2898.9536622303485
1980,1203.2157649626768
1981,247.91208052833463
1982,4412.377682802768
1983,2988.7003548603425
1984,1392.138194231737
1985,1705.1605346243762
1986,215.60010406057995
1987,4474.727474958494
1988,3795.138863632507
1989,3040.216370597678
1990,2627.726798072325
1991,1857.3286948737007
1992,2485.417687548838
1993,660.9427088540003
1994,2957.0518077844645
1995,413.88654269051517
1996,724.7368725204251
1997,2056.045543261538
1998,2296.2810888150557
1999,2170.6036064868726
2000,2699.7673809338617
2001,1980.1655222996628
2002,1884.168472464351
2003,3630.6786256797086
2004,1829.7916746369383
2005,261.01613655732854
2006,2382.2257870418
2007,4265.788324379157
2008,1055.7167268597466
2009,3578.158235840392
2010,1512.6258284451246
2011,1406.148164985309
2012,261.8427069048603
2013,2299.9613368436744
2014,3087.195240456088
2015,1400.2198454038112
2016,4072.54404711364
2017,1837.8503033945856
2018,1415.8953067313378
2019,2886.3162422257146
2020,2845.697489054538
2021,1503.9306780551133
2022,222.16972877597686
2023,-22.50180075802473
2024,2100.0201416967043
2025,2861.760389340818
2026,1894.3729499840938
2027,1689.2776965461396
2028,442.95098978661076
2029,2897.2964433307343
2030,1370.1506715123346
2031,1008.9311851883945
2032,3024.21180609618
2033,4567.577748395604
2034,3029.2415188734158
2035,4064.40188703888
2036,2459.0072220697675
2037,1221.3614200319976
2038,1450.0580803083503
2039,746.8714371581691
2040,1634.5494171004857
2041,169.4887515581563
2042,3156.641110255089
2043,931.9267039265583
2044,2513.583119727421
2045,222.74642543678874
2046,2979.736531804287
2047,2287.2812036670266
2048,536.4749586172647
2049,3782.987254442981
2050,3083.1905867350947
2051,5219.407136760337
2052,2482.1263602076683
2053,2873.389499015628
2054,2572.1604844965386
2055,2891.038260384952
2056,1624.2160136285988
2057,1989.1560260510519
2058,3775.9234195465483
2059,3688.946764382248
2060,1382.3835473326385
2061,684.4830768999245
2062,1234.6399004886136
2063,1709.09959177839
2064,-803.629716072679
2065,2780.1754791870726
2066,3357.4571595203065
2067,1343.0641957964642
2068,2731.5981777949946
2069,987.9584943784635
2070,-66.75971202174014
2071,1543.3622095526916
2072,3267.6509180459966
2073,997.0770419886665
2074,1577.587655835841
2075,1769.5314729943393
2076,1927.9111927799722
2077,2712.052944760739
2078,2918.7142860707245
2079,3200.5058079682635
2080,2261.5546037414024
2081,952.8412314146906
2082,719.0989895943851
2083,1551.0340299321015
2084,250.10733645144
2085,3587.7379520378204
2086,5032.955937655377
2087,1625.6296719310403
2088,874.8352469155018
2089,2453.0911297875923
2090,1687.8503194607251
2091,4430.662756815542
2092,622.3586648121752
2093,2473.610146382751
2094,3191.5487189139153
2095,925.6221087801932
2096,2043.0709568052566
2097,142.95807746625292
2098,375.33984191295735
2099,1616.4347414415508
2100,4198.388697005628
2101,2785.4900198314017
2102,860.5545159779454
2103,3642.837206999818
2104,4783.541941571422
2105,3789.0478694595176
2106,1679.6566014743278
2107,228.81475732155855
2108,2430.384877115286
2109,3316.5707445695825
2110,704.0955997513458
2111,118.36286545462326
2112,2088.25557940217
2113,618.6086053991978
2114,1146.0434561055522
2115,181.41081666027003
2116,1468.1266589380432
2117,664.3867628401333
2118,198.076199393528
2119,2440.7429373846844
2120,2426.6764119084623
2121,4742.301774961748
2122,-9.270800557205348
2123,2248.9324942152234
2124,2464.7559315666704
2125,1907.4921767544472
2126,231.9881848356913
2127,3092.12078620505
2128,2892.9433090485227
2129,1500.8449970830973
2130,1634.4157053647932
2131,3432.4206012631103
2132,1124.4022560076799
2133,1723.4370999014957
2134,1509.6302961676583
2135,4097.492012814135
2136,1523.581102000377
2137,2281.4962603317595
2138,2249.643678869522
2139,860.2263145493584
2140,900.1479492271853
2141,2601.9878893611562
2142,3816.5595028645002
2143,3934.854755232836
2144,373.2877132694164
2145,2958.9409115624608
2146,92.96863211512846
2147,3882.5962544209387
2148,2448.476312774371
2149,1888.2371351231343
2150,1133.6324777542582
2151,2449.4240219305375
2152,1469.4426147085192
2153,1496.1437762421067
2154,1946.8412284856645
2155,712.491084159919
2156,394.08020952482
2157,511.5016418671232
2158,2798.7584889183618
2159,316.5797885284196
2160,2289.587836182298
2161,3734.1661598420937
2162,3647.748915876522
2163,479.24007816475455
2164,1403.6237749678307
2165,187.60501533707475
2166,2529.0158981046056
2167,3800.2543602695323
2168,5650.71859641218
2169,1845.997749103477
2170,3424.255826172449
2171,396.44044623458603
2172,2301.4852337602374
2173,-29.31480931585793
2174,3468.40206284746
2175,1515.5011129958712
2176,3053.0892290357024
2177,2267.1892756262205
2178,4200.062794612169
2179,1877.4891248689414
2180,488.067655919637
2181,697.128820228261
2182,594.2622311323614
2183,3503.540516248836
2184,498.8279408871383
2185,225.78301623870198
2186,692.4054807657958
2187,1902.7599548562262
2188,1327.6446167592328
2189,2938.556166338391
2190,1224.6607401744675
2191,2647.320495049167
2192,5109.11931490338
2193,2861.3202751591098
2194,2492.09671496587
2195,486.99055466723235
2196,522.3304340433288
2197,421.9196493842976
2198,4268.433559039695
2199,2112.077189435312
2200,1711.8144513465663
2201,1619.1374807397378
2202,3146.6522357318167
2203,627.9999817053988
2204,1395.8083369206693
2205,552.8973346910939
2206,4027.598628708378
2207,1780.991623118362
2208,272.1423642104239
2209,597.1291501649873
2210,2149.454513722808
2211,604.5400390204106
2212,3491.5934382948053
2213,299.80866536195776
2214,1585.2687786184442
2215,2369.6889350569018
2216,1474.129468531567
2217,2508.9123264396962
2218,677.3278524552302
2219,1449.0308830857098
2220,1520.2651707810644
2221,3068.2998474995156
2222,222.24772544266511
2223,2994.425707964181
2224,484.3902567054688
2225,943.947159403717
2226,2690.1718708636226
2227,2852.5355197661142
2228,1350.9290854881065
2229,797.8840026534344
2230,3219.2186923908066
2231,4147.120341577689
2232,1757.234418196003
2233,4883.2972766842995
2234,1302.835020391051
2235,2755.0676330799697
2236,1670.9466118283349
2237,183.82970832844012
2238,610.6805705611421
2239,1404.8211629465252
2240,509.1893468092119
2241,1021.2718658384765
2242,4419.761494238761
2243,916.4076254575989
2244,1526.6712991447625
2245,1357.5680092751697
2246,301.831899273727
2247,5946.215774728702
2248,685.93099640325
2249,285.74898019710645
2250,1161.9251121716927
2251,5433.61470527691
2252,1337.8256352902563
2253,3057.6507846311324
2254,2399.501829307181
2255,4661.504103772599
2256,1223.937140671585
2257,1336.4769449169153
2258,466.5158501835897
2259,3211.6530268017427
2260,4099.316348924529
2261,2891.2961085584157
2262,231.78710944588988
2263,-4.448447722435958
2264,3568.9487740923405
2265,4977.5295227852
2266,2372.405683423796
2267,2098.2359484948497
2268,1191.4864310149524
2269,4597.692905411004
2270,493.37842531353635
2271,2472.1357885551815
2272,1940.1475346176464
2273,1510.3548506632862
2274,181.85653423434132
2275,1377.7950664334587
2276,4371.587216336786
2277,3530.9267783880523
2278,1745.363165694928
2279,2344.97028256143
2280,328.2198758172449
2281,3939.4537579285343
2282,1086.667527249449
2283,743.509310578422
2284,956.5097613747616
2285,1718.1695347174755
2286,1620.3271142050812
2287,3311.7212360980666
2288,3784.851186009698
2289,844.8767835629149
2290,634.1915405511113
2291,1382.1722805865152
2292,3864.314292650968
2293,4450.935715091361
2294,2400.5650787113045
2295,1763.7090764074544
2296,1793.1912229742995
2297,510.2270051608714
2298,1188.2966839145386
2299,3472.2511460561736
2300,2039.335611499401
2301,3520.5905368144095
2302,3557.3734592953797
2303,1410.1555702625187
2304,3921.484943447196
2305,601.0640273473243
2306,978.5351510372795
2307,2309.2170126659253
2308,4684.311396421064
2309,381.7011038079538
2310,376.05065531221817
2311,267.3549212630778
2312,3310.377366830335
2313,3561.8974004801325
2314,2822.1357285584345
2315,4825.112056686559
2316,280.9973940772104
2317,2290.4303628805474
2318,1680.9775329605511
2319,1981.610604099935
2320,2233.819742832703
2321,442.55217750595375
2322,272.8046501507447
2323,5620.056599151432
2324,1634.737829470988
2325,6787.54491274477
2326,2288.5146601436813
2327,1410.1450905520092
2328,2395.262056991189
2329,1217.045853808323
2330,1524.4504206954807
2331,4485.360067447096
2332,2551.440230678221
2333,579.5728969876589
2334,397.23945599432227
2335,1666.786210803654
2336,4551.243771296975
2337,2544.66436887295
2338,2149.079576997181
2339,3890.3800582387685
2340,306.2733625492167
2341,1860.0956117084654
2342,1747.8631891856796
2343,3244.3693548821775
2344,3658.6108392074802
2345,3153.0213946219064
2346,784.89065555865
2347,659.0433611337282
2348,2857.232060863643
2349,4463.051622321042
2350,2007.0708339335924
2351,2112.419937881857
2352,2257.103215911346
2353,3142.978235716458
2354,2551.0400591058497
2355,2671.2197314814634
2356,411.2671006042294
2357,6583.190538468342
2358,756.3345646424841
2359,3247.6051868697723
2360,521.1036257899641
2361,381.26769010964335
2362,2809.956206784085
2363,800.4511140215388
2364,671.4731101940615
2365,2763.99901325894
2366,1099.8048482367915
2367,1931.8855862924597
2368,2741.690405951912
2369,1538.087402857293
2370,2785.406273659863
2371,3158.075972290251
2372,3010.7432432606465
2373,3681.0080406478264
2374,4825.070360405673
2375,887.026444935128
2376,2907.5957172185203
2377,6637.458830275848
2378,1731.5345810298602
2379,3057.6936411506567
2380,3371.6046772970676
2381,2962.045800897132
2382,1055.1791907009845
2383,2627.5909729162795
2384,4097.669436616809
2385,2483.621953976457
2386,3241.5621891910214
2387,2099.888074701799
2388,3411.0128371597857
2389,511.3363206875888
2390,319.99286417446456
2391,1460.0390997960835
2392,2761.9711556674506
2393,3473.6138591371373
2394,1446.7948508174989
2395,4356.18424123361
2396,4193.530306228866
2397,3979.7416599961252
2398,4531.787102667915
2399,2062.5052089140167
2400,2172.367739116714
2401,748.8567398923269
2402,346.12867417232155
2403,1166.2464347092925
2404,2436.2944200903135
2405,3219.172667367967
2406,970.21686200157
2407,2709.0094832107284
2408,927.6076701613849
2409,1821.441409846932
2410,248.86978563786602
2411,4197.674620177673
2412,1831.3338891007277
2413,1397.7384535037852
2414,2263.007329402766
2415,3524.280090780387
2416,3036.4344686169807
2417,2440.9870268818936
2418,4173.897278193902
2419,2818.7721152812546
2420,2424.7703024751477
2421,4226.024669278673
2422,1056.899275428846
2423,3204.531156963758
2424,3345.1182256893776
2425,1724.3141508824876
2426,2120.964897467676
2427,2515.30424416127
2428,2215.753380621454
2429,2440.2750400905124
2430,6546.101685119185
2431,1447.9305656710612
2432,3095.738751959341
2433,1443.702835776733
2434,602.5358527753326
2435,213.26336460237098
2436,1856.9434010260827
2437,134.17952173008916
2438,2502.0993618859047
2439,2425.856826750404
2440,2339.8624868431125
2441,1880.3870842374843
2442,1169.4094984761787
2443,3098.727823945707
2444,5177.391616055005
2445,1013.3771611690433
2446,1690.1472122155028
2447,3298.129840926565
2448,3686.9376827073866
2449,1752.5089210868866
2450,226.27543061021265
2451,3447.1355654642375
2452,1359.5125854055532
2453,183.17222394088049
2454,2637.837614694781
2455,2462.495716806717
2456,3811.058094004322
2457,2435.5392206962983
2458,1939.124431077355
2459,2139.219484258954
2460,4520.248241233623
2461,1562.8163448884602
2462,1592.9857388955543
2463,961.2273594321593
2464,4780.984802027015
2465,2701.3449602531364
2466,385.81969342778507
2467,-54.65850721312836
2468,2487.978318582405
2469,1239.0382775500286
2470,297.08699266554277
2471,705.1165928265088
2472,3667.8748789074116
2473,2804.3422783046212
2474,2058.7590435785787
2475,292.6025894540121
2476,933.4858617069526
2477,1774.374345729697
2478,94.3807814637048
2479,1957.145091236277
2480,2871.36954458371
2481,2074.343798947302
2482,2835.607094043283
2483,243.14073318534247
2484,1958.5498293005942
2485,4158.00688419026
2486,603.6777986711829
2487,356.43607108500896
2488,2774.947959234248
2489,3167.139946990024
2490,2100.4322178154907
2491,3078.401084593541
2492,982.2976494621164
2493,2221.1322296850512
2494,251.0042694324934
2495,657.1624947353387
2496,2702.1254354680877
2497,7145.277546088804
2498,654.6831752147102
2499,6345.615490429053
2500,6539.501492298815
2501,2407.397011291507
2502,322.4945860112721
2503,3935.362654802825
2504,1360.9994760552754
2505,225.14658067985556
2506,3411.6301404423593
2507,1921.3687244174068
2508,4772.910760013443
2509,1470.2615193866554
2510,226.07735258003618
2511,1773.3300212900026
2512,135.49698322159566
2513,924.2040019645153
2514,943.2651284143049
2515,1670.7677660754152
2516,1978.3976680648918
2517,3050.4425838230422
2518,2657.202403131885
2519,1664.2203444285547
2520,1382.605507211395
2521,2443.4043681170733
2522,966.475690784993
